B1,B2,B3,B4,B5,B6,B7,B8,B8A,B9,B11,B12,class
0.0262,0.022,0.019,0.0124,0.0126,0.0108,0.0122,0.0116,0.0118,0.0043,0.0116,0.0105,water
0.0262,0.0226,0.0192,0.0119,0.013,0.0108,0.012,0.0115,0.0121,0.0043,0.0116,0.0102,water
0.0262,0.0227,0.0193,0.0115,0.013,0.0108,0.012,0.0113,0.0121,0.0043,0.0116,0.0102,water
0.0262,0.0237,0.021,0.012,0.0122,0.012,0.0123,0.0114,0.0117,0.0043,0.0116,0.0106,water
0.0262,0.025,0.0183,0.0123,0.0122,0.012,0.0123,0.0116,0.0117,0.0043,0.0116,0.0106,water
0.0262,0.0207,0.0184,0.0121,0.0125,0.0113,0.0119,0.0115,0.0102,0.0043,0.0115,0.01,water
0.0262,0.018,0.0185,0.0119,0.0125,0.0113,0.0119,0.0114,0.0102,0.0043,0.0115,0.01,water
0.0262,0.019,0.0192,0.0122,0.013,0.0116,0.0125,0.0112,0.0107,0.0043,0.0115,0.01,water
0.0262,0.0205,0.0198,0.012,0.013,0.0116,0.0125,0.0119,0.0107,0.0043,0.0115,0.01,water
0.0261,0.0209,0.0206,0.0123,0.0125,0.0123,0.0127,0.0127,0.0115,0.0054,0.0117,0.0101,water
0.0262,0.0224,0.0197,0.0129,0.0122,0.012,0.0123,0.0118,0.0117,0.0043,0.0116,0.0106,water
0.0262,0.0236,0.0198,0.013,0.0122,0.012,0.0123,0.0115,0.0117,0.0043,0.0116,0.0106,water
0.0262,0.0235,0.0193,0.0123,0.0125,0.0113,0.0119,0.0114,0.0102,0.0043,0.0115,0.01,water
0.0262,0.0216,0.0183,0.0127,0.0125,0.0113,0.0119,0.0112,0.0102,0.0043,0.0115,0.01,water
0.0262,0.0178,0.0191,0.013,0.013,0.0116,0.0125,0.0113,0.0107,0.0043,0.0115,0.01,water
0.0262,0.019,0.019,0.0123,0.013,0.0116,0.0125,0.0117,0.0107,0.0043,0.0115,0.01,water
0.0258,0.0213,0.021,0.0117,0.0129,0.0123,0.0124,0.011,0.0125,0.0043,0.0114,0.01,water
0.0258,0.0208,0.0214,0.0123,0.0129,0.0123,0.0124,0.0117,0.0125,0.0043,0.0114,0.01,water
0.0261,0.0214,0.0203,0.0124,0.0124,0.0125,0.0133,0.0128,0.0115,0.0054,0.0114,0.0102,water
0.0262,0.0208,0.0192,0.0125,0.0121,0.0119,0.013,0.0124,0.0116,0.0043,0.0116,0.0106,water
0.0262,0.0202,0.0212,0.0131,0.0121,0.0119,0.013,0.0118,0.0116,0.0043,0.0116,0.0106,water
0.0262,0.0218,0.02,0.0123,0.0124,0.0119,0.0126,0.0113,0.0107,0.0043,0.0115,0.01,water
0.0262,0.0216,0.0189,0.0126,0.0124,0.0119,0.0126,0.0111,0.0107,0.0043,0.0115,0.01,water
0.0262,0.0223,0.0199,0.0127,0.0131,0.0121,0.0125,0.0117,0.0114,0.0043,0.0114,0.01,water
0.0262,0.0224,0.0198,0.0121,0.0131,0.0121,0.0125,0.012,0.0114,0.0043,0.0114,0.01,water
0.0258,0.0229,0.0195,0.0116,0.0125,0.0123,0.0123,0.0116,0.0125,0.0043,0.0114,0.0099,water
0.0258,0.02,0.0206,0.0127,0.0125,0.0123,0.0123,0.0118,0.0125,0.0043,0.0114,0.0099,water
0.0258,0.0248,0.0207,0.0134,0.012,0.0121,0.012,0.0123,0.0118,0.0043,0.0111,0.0104,water
0.0258,0.0203,0.0211,0.0118,0.012,0.0121,0.012,0.0119,0.0118,0.0043,0.0111,0.0104,water
0.0261,0.0234,0.0208,0.012,0.0124,0.0125,0.0133,0.0133,0.0115,0.0054,0.0114,0.0102,water
0.0261,0.0229,0.0201,0.0125,0.0124,0.0125,0.0133,0.0125,0.0115,0.0054,0.0114,0.0102,water
0.0262,0.0196,0.0194,0.013,0.0121,0.0119,0.013,0.0122,0.0116,0.0043,0.0116,0.0106,water
0.0262,0.0195,0.0208,0.0134,0.0121,0.0119,0.013,0.0121,0.0116,0.0043,0.0116,0.0106,water
0.0262,0.0216,0.0199,0.0121,0.0124,0.0119,0.0126,0.012,0.0107,0.0043,0.0115,0.01,water
0.0262,0.0225,0.0197,0.0128,0.0124,0.0119,0.0126,0.0109,0.0107,0.0043,0.0115,0.01,water
0.0262,0.0226,0.0202,0.0127,0.0131,0.0121,0.0125,0.0125,0.0114,0.0043,0.0114,0.01,water
0.0262,0.0221,0.0199,0.0118,0.0131,0.0121,0.0125,0.0121,0.0114,0.0043,0.0114,0.01,water
0.0258,0.023,0.0182,0.0117,0.0125,0.0123,0.0123,0.0114,0.0125,0.0043,0.0114,0.0099,water
0.0258,0.0221,0.0207,0.0128,0.0125,0.0123,0.0123,0.012,0.0125,0.0043,0.0114,0.0099,water
0.0258,0.0256,0.0209,0.0132,0.012,0.0121,0.012,0.0123,0.0118,0.0043,0.0111,0.0104,water
0.0258,0.0199,0.0196,0.0112,0.012,0.0121,0.012,0.0118,0.0118,0.0043,0.0111,0.0104,water
0.0258,0.0195,0.0178,0.0095,0.0113,0.0098,0.0107,0.0109,0.0106,0.0043,0.0108,0.0099,water
0.0258,0.0212,0.0161,0.0092,0.0113,0.0098,0.0107,0.0102,0.0106,0.0043,0.0108,0.0099,water
0.0254,0.0201,0.0207,0.0115,0.0118,0.0123,0.0127,0.0123,0.0121,0.0063,0.011,0.0101,water
0.0254,0.0219,0.021,0.0121,0.0122,0.0117,0.0138,0.0132,0.0123,0.0063,0.0109,0.0102,water
0.0254,0.0237,0.0202,0.0127,0.0122,0.0117,0.0138,0.0123,0.0123,0.0063,0.0109,0.0102,water
0.0253,0.0207,0.0201,0.0134,0.012,0.0118,0.0138,0.0123,0.0111,0.0056,0.0115,0.0105,water
0.0253,0.0242,0.02,0.0132,0.012,0.0118,0.0138,0.0121,0.0111,0.0056,0.0115,0.0105,water
0.0253,0.024,0.0198,0.0122,0.0126,0.0121,0.0134,0.012,0.0116,0.0056,0.0112,0.0103,water
0.0253,0.0203,0.0194,0.0127,0.0126,0.0121,0.0134,0.0119,0.0116,0.0056,0.0112,0.0103,water
0.0178,0.0187,0.0444,0.0302,0.0839,0.1894,0.2128,0.2164,0.2371,0.2394,0.1235,0.064,forest
0.0178,0.019,0.0494,0.0313,0.0862,0.1914,0.2221,0.2274,0.2414,0.2394,0.124,0.0631,forest
0.0178,0.0181,0.0455,0.0327,0.0862,0.1914,0.2221,0.2164,0.2414,0.2394,0.124,0.0631,forest
0.0178,0.0184,0.0436,0.0314,0.0813,0.1824,0.2097,0.221,0.2341,0.2394,0.1248,0.0658,forest
0.018,0.0233,0.0462,0.0333,0.0856,0.1934,0.2152,0.2226,0.235,0.24,0.1298,0.066,forest
0.0178,0.0189,0.0494,0.0315,0.0862,0.1914,0.2221,0.2326,0.2414,0.2394,0.124,0.0631,forest
0.0178,0.0172,0.0454,0.0283,0.0862,0.1914,0.2221,0.2172,0.2414,0.2394,0.124,0.0631,forest
0.0178,0.0199,0.0428,0.0294,0.0813,0.1824,0.2097,0.2248,0.2341,0.2394,0.1248,0.0658,forest
0.0189,0.019,0.0516,0.0366,0.0935,0.1993,0.2322,0.2288,0.244,0.2411,0.1306,0.07,forest
0.0189,0.0192,0.0488,0.0322,0.0899,0.1932,0.2165,0.236,0.239,0.2411,0.1295,0.0688,forest
0.0189,0.0202,0.0489,0.0357,0.0899,0.1932,0.2165,0.2244,0.239,0.2411,0.1295,0.0688,forest
0.0178,0.0201,0.048,0.0337,0.0848,0.1894,0.2199,0.2164,0.2457,0.2336,0.125,0.0654,forest
0.0178,0.0169,0.0448,0.028,0.0848,0.1894,0.2199,0.2326,0.2457,0.2336,0.125,0.0654,forest
0.0178,0.0151,0.0418,0.0296,0.0822,0.184,0.2111,0.221,0.2317,0.2336,0.1217,0.0648,forest
0.0189,0.0193,0.0491,0.0364,0.0935,0.1993,0.2322,0.233,0.244,0.2411,0.1306,0.07,forest
0.0189,0.0191,0.0536,0.0378,0.0935,0.1993,0.2322,0.2358,0.244,0.2411,0.1306,0.07,forest
0.0189,0.0204,0.0499,0.0359,0.0899,0.1932,0.2165,0.23,0.239,0.2411,0.1295,0.0688,forest
0.0189,0.0195,0.0493,0.0403,0.0899,0.1932,0.2165,0.2132,0.239,0.2411,0.1295,0.0688,forest
0.0178,0.0203,0.0467,0.0343,0.0848,0.1894,0.2199,0.2164,0.2457,0.2336,0.125,0.0654,forest
0.0178,0.0187,0.0458,0.0311,0.0848,0.1894,0.2199,0.232,0.2457,0.2336,0.125,0.0654,forest
0.0178,0.0167,0.0429,0.0298,0.0822,0.184,0.2111,0.2178,0.2317,0.2336,0.1217,0.0648,forest
0.0189,0.0233,0.0505,0.0407,0.0924,0.2008,0.2243,0.2252,0.2475,0.2411,0.1329,0.0698,forest
0.0189,0.021,0.0486,0.0366,0.0924,0.2008,0.2243,0.2248,0.2475,0.2411,0.1329,0.0698,forest
0.0189,0.0168,0.0458,0.0338,0.0932,0.2031,0.2268,0.2216,0.247,0.2411,0.1296,0.0655,forest
0.0189,0.0198,0.0487,0.0339,0.0932,0.2031,0.2268,0.2238,0.247,0.2411,0.1296,0.0655,forest
0.0189,0.0205,0.0444,0.0333,0.0895,0.1936,0.2212,0.2126,0.2343,0.2411,0.1269,0.0648,forest
0.0189,0.0192,0.044,0.0301,0.0895,0.1936,0.2212,0.205,0.2343,0.2411,0.1269,0.0648,forest
0.0178,0.0202,0.0455,0.0312,0.0877,0.1893,0.2174,0.227,0.2454,0.2336,0.125,0.0681,forest
0.0178,0.0206,0.0442,0.0317,0.0877,0.1893,0.2174,0.2284,0.2454,0.2336,0.125,0.0681,forest
0.0178,0.0183,0.0448,0.0314,0.0838,0.189,0.2131,0.217,0.2351,0.2336,0.1282,0.0671,forest
0.0178,0.0154,0.0445,0.0313,0.0838,0.189,0.2131,0.2108,0.2351,0.2336,0.1282,0.0671,forest
0.0197,0.0223,0.0519,0.0359,0.0938,0.1965,0.2276,0.2388,0.2433,0.2407,0.132,0.0721,forest
0.0189,0.0215,0.052,0.0375,0.0924,0.2008,0.2243,0.225,0.2475,0.2411,0.1329,0.0698,forest
0.0189,0.0194,0.0477,0.0351,0.0924,0.2008,0.2243,0.2224,0.2475,0.2411,0.1329,0.0698,forest
0.0189,0.0188,0.0469,0.0313,0.0932,0.2031,0.2268,0.231,0.247,0.2411,0.1296,0.0655,forest
0.0189,0.0201,0.0477,0.0319,0.0932,0.2031,0.2268,0.2388,0.247,0.2411,0.1296,0.0655,forest
0.0189,0.0222,0.0467,0.031,0.0895,0.1936,0.2212,0.2304,0.2343,0.2411,0.1269,0.0648,forest
0.0189,0.0201,0.0487,0.0296,0.0895,0.1936,0.2212,0.2276,0.2343,0.2411,0.1269,0.0648,forest
0.0178,0.0192,0.0464,0.0314,0.0877,0.1893,0.2174,0.226,0.2454,0.2336,0.125,0.0681,forest
0.0178,0.02,0.0452,0.033,0.0877,0.1893,0.2174,0.227,0.2454,0.2336,0.125,0.0681,forest
0.0178,0.0225,0.0505,0.0387,0.0838,0.189,0.2131,0.226,0.2351,0.2336,0.1282,0.0671,forest
0.0178,0.0196,0.0482,0.0348,0.0838,0.189,0.2131,0.2174,0.2351,0.2336,0.1282,0.0671,forest
0.0197,0.022,0.0479,0.0336,0.0921,0.2128,0.2393,0.252,0.2581,0.2407,0.1339,0.0668,forest
0.0197,0.02,0.0572,0.0389,0.099,0.2046,0.2324,0.2352,0.2521,0.2407,0.1364,0.0698,forest
0.0197,0.0212,0.0487,0.0346,0.099,0.2046,0.2324,0.2376,0.2521,0.2407,0.1364,0.0698,forest
0.0189,0.0214,0.0495,0.0372,0.093,0.1983,0.2308,0.2426,0.2495,0.2411,0.1307,0.0682,forest
0.0189,0.0192,0.0495,0.0346,0.093,0.1983,0.2308,0.2448,0.2495,0.2411,0.1307,0.0682,forest
0.0189,0.0196,0.0484,0.0312,0.0891,0.1918,0.2187,0.2434,0.2451,0.2411,0.1234,0.0639,forest
0.0189,0.0192,0.0476,0.0297,0.0891,0.1918,0.2187,0.2284,0.2451,0.2411,0.1234,0.0639,forest
0.0189,0.0201,0.0446,0.0318,0.0834,0.19,0.2083,0.2206,0.231,0.2411,0.1236,0.0652,forest
0.1041,0.106,0.1266,0.1532,0.2463,0.3036,0.3102,0.3024,0.3245,0.2886,0.3503,0.3212,building
0.1041,0.101,0.1362,0.18,0.2408,0.2762,0.2941,0.2874,0.2989,0.2886,0.3277,0.3036,building
0.1041,0.0778,0.0973,0.1096,0.2463,0.3036,0.3102,0.2986,0.3245,0.2886,0.3503,0.3212,building
0.1041,0.147,0.2092,0.196,0.2463,0.3036,0.3102,0.3052,0.3245,0.2886,0.3503,0.3212,building
0.1042,0.1224,0.1676,0.2172,0.2224,0.2815,0.292,0.2928,0.3066,0.2754,0.3203,0.2944,building
0.1042,0.0816,0.129,0.1704,0.2224,0.2815,0.292,0.3194,0.3066,0.2754,0.3203,0.2944,building
0.1042,0.0836,0.1068,0.1456,0.2073,0.2896,0.2959,0.2886,0.3042,0.2754,0.3176,0.2873,building
0.1042,0.13,0.155,0.2034,0.2073,0.2896,0.2959,0.292,0.3042,0.2754,0.3176,0.2873,building
0.1026,0.1368,0.1528,0.1946,0.2335,0.2677,0.3037,0.2836,0.2823,0.2866,0.3497,0.3437,building
0.1042,0.1096,0.1212,0.1774,0.2224,0.2815,0.292,0.2728,0.3066,0.2754,0.3203,0.2944,building
0.1042,0.0714,0.1112,0.1294,0.2224,0.2815,0.292,0.2946,0.3066,0.2754,0.3203,0.2944,building
0.1042,0.0627,0.0959,0.1476,0.2073,0.2896,0.2959,0.2618,0.3042,0.2754,0.3176,0.2873,building
0.1042,0.0789,0.1406,0.1858,0.2073,0.2896,0.2959,0.3096,0.3042,0.2754,0.3176,0.2873,building
0.1026,0.1214,0.1472,0.1864,0.2335,0.2677,0.3037,0.2732,0.2823,0.2866,0.3497,0.3437,building
0.1026,0.0974,0.1324,0.1948,0.2335,0.2677,0.3037,0.2382,0.2823,0.2866,0.3497,0.3437,building
0.1042,0.1042,0.1466,0.1908,0.2394,0.2673,0.2784,0.2698,0.2737,0.2754,0.3029,0.2942,building
0.1042,0.1252,0.141,0.2296,0.2101,0.2609,0.2705,0.2778,0.2763,0.2754,0.3066,0.2874,building
0.1042,0.0639,0.1168,0.1658,0.2101,0.2609,0.2705,0.2734,0.2763,0.2754,0.3066,0.2874,building
0.1042,0.0678,0.0876,0.1516,0.1979,0.2525,0.2713,0.2442,0.2646,0.2754,0.2908,0.2567,building
0.1042,0.0981,0.1344,0.175,0.1979,0.2525,0.2713,0.2872,0.2646,0.2754,0.2908,0.2567,building
0.1026,0.1302,0.1396,0.186,0.2226,0.2557,0.2747,0.2568,0.2693,0.2866,0.3325,0.3198,building
0.1026,0.0834,0.1288,0.1926,0.2226,0.2557,0.2747,0.2354,0.2693,0.2866,0.3325,0.3198,building
0.1026,0.1242,0.1486,0.2216,0.2508,0.2768,0.2978,0.2924,0.296,0.2866,0.3661,0.3572,building
0.1042,0.0974,0.1362,0.1994,0.2394,0.2673,0.2784,0.2776,0.2737,0.2754,0.3029,0.2942,building
0.1042,0.1324,0.1604,0.2036,0.2394,0.2673,0.2784,0.2584,0.2737,0.2754,0.3029,0.2942,building
0.1042,0.1318,0.167,0.2124,0.2101,0.2609,0.2705,0.2502,0.2763,0.2754,0.3066,0.2874,building
0.1042,0.0808,0.1116,0.1574,0.2101,0.2609,0.2705,0.2558,0.2763,0.2754,0.3066,0.2874,building
0.1042,0.0995,0.1312,0.1682,0.1979,0.2525,0.2713,0.244,0.2646,0.2754,0.2908,0.2567,building
0.1042,0.1252,0.165,0.1906,0.1979,0.2525,0.2713,0.2602,0.2646,0.2754,0.2908,0.2567,building
0.1026,0.1238,0.1454,0.1918,0.2226,0.2557,0.2747,0.2446,0.2693,0.2866,0.3325,0.3198,building
0.1026,0.091,0.138,0.2006,0.2226,0.2557,0.2747,0.2634,0.2693,0.2866,0.3325,0.3198,building
0.1026,0.1242,0.147,0.2032,0.2508,0.2768,0.2978,0.2754,0.296,0.2866,0.3661,0.3572,building
0.1026,0.0703,0.122,0.1848,0.2508,0.2768,0.2978,0.294,0.296,0.2866,0.3661,0.3572,building
0.107,0.149,0.1526,0.2274,0.2393,0.2521,0.2616,0.2442,0.2689,0.2566,0.2917,0.2629,building
0.1042,0.1506,0.1904,0.2268,0.2225,0.2446,0.2471,0.2666,0.2427,0.2754,0.2799,0.2659,building
0.1042,0.1554,0.1686,0.2018,0.2225,0.2446,0.2471,0.2204,0.2427,0.2754,0.2799,0.2659,building
0.1042,0.1148,0.1418,0.161,0.2143,0.2464,0.2726,0.2276,0.2846,0.2754,0.3084,0.2876,building
0.1042,0.0536,0.0969,0.1122,0.2143,0.2464,0.2726,0.267,0.2846,0.2754,0.3084,0.2876,building
0.1042,0.0796,0.1268,0.1474,0.2037,0.2593,0.2629,0.2686,0.2771,0.2754,0.3082,0.2847,building
0.1042,0.1226,0.1476,0.1742,0.2037,0.2593,0.2629,0.2422,0.2771,0.2754,0.3082,0.2847,building
0.1026,0.111,0.1296,0.1986,0.2232,0.2474,0.2806,0.2406,0.2598,0.2866,0.3224,0.3105,building
0.1026,0.0739,0.1334,0.2332,0.2232,0.2474,0.2806,0.3134,0.2598,0.2866,0.3224,0.3105,building
0.1026,0.0902,0.1088,0.1736,0.2422,0.263,0.2787,0.2306,0.2802,0.2866,0.3159,0.2709,building
0.1026,0.1078,0.1194,0.1898,0.2422,0.263,0.2787,0.241,0.2802,0.2866,0.3159,0.2709,building
0.1026,0.146,0.187,0.2398,0.2387,0.2694,0.2769,0.2988,0.2888,0.2866,0.2937,0.2578,building
0.107,0.1362,0.198,0.2134,0.2393,0.2521,0.2616,0.2754,0.2689,0.2566,0.2917,0.2629,building
0.107,0.1538,0.199,0.227,0.2393,0.2521,0.2616,0.2778,0.2689,0.2566,0.2917,0.2629,building
0.1042,0.14,0.1934,0.2054,0.2225,0.2446,0.2471,0.2366,0.2427,0.2754,0.2799,0.2659,building
0.1042,0.1554,0.176,0.1954,0.2225,0.2446,0.2471,0.2348,0.2427,0.2754,0.2799,0.2659,building
0.1042,0.1408,0.1506,0.186,0.2143,0.2464,0.2726,0.2662,0.2846,0.2754,0.3084,0.2876,building
0.034,0.0366,0.0863,0.0484,0.1277,0.3539,0.4157,0.4196,0.4432,0.4402,0.2357,0.1083,agri1
0.0366,0.0383,0.0771,0.046,0.116,0.3205,0.3732,0.3776,0.4004,0.4046,0.228,0.1059,agri1
0.0366,0.0348,0.0764,0.0429,0.1151,0.3231,0.3864,0.3858,0.4135,0.4046,0.2272,0.1062,agri1
0.0366,0.0389,0.0792,0.0465,0.1151,0.3231,0.3864,0.3982,0.4135,0.4046,0.2272,0.1062,agri1
0.034,0.0397,0.0775,0.0469,0.12,0.3374,0.3999,0.4014,0.4283,0.4402,0.232,0.1055,agri1
0.034,0.0389,0.0831,0.0508,0.12,0.3374,0.3999,0.4008,0.4283,0.4402,0.232,0.1055,agri1
0.034,0.0422,0.0862,0.0487,0.1277,0.3539,0.4157,0.4188,0.4432,0.4402,0.2357,0.1083,agri1
0.034,0.0408,0.0863,0.0445,0.1277,0.3539,0.4157,0.4308,0.4432,0.4402,0.2357,0.1083,agri1
0.034,0.04,0.0855,0.0479,0.131,0.3677,0.4365,0.4288,0.4598,0.4402,0.2372,0.1099,agri1
0.0366,0.0397,0.0863,0.0504,0.1323,0.334,0.3879,0.3918,0.4151,0.4046,0.2299,0.1074,agri1
0.0366,0.0401,0.0836,0.0485,0.1237,0.3478,0.4064,0.4,0.4309,0.4046,0.2327,0.1075,agri1
0.0366,0.0395,0.0807,0.0466,0.1237,0.3478,0.4064,0.3958,0.4309,0.4046,0.2327,0.1075,agri1
0.0366,0.0379,0.0798,0.0432,0.1265,0.3522,0.4181,0.4028,0.4403,0.4046,0.2336,0.1076,agri1
0.0366,0.0404,0.0822,0.0451,0.1265,0.3522,0.4181,0.4144,0.4403,0.4046,0.2336,0.1076,agri1
0.034,0.0407,0.0832,0.0477,0.1272,0.3551,0.4142,0.4078,0.4438,0.4402,0.2374,0.1075,agri1
0.034,0.0393,0.0845,0.0477,0.1272,0.3551,0.4142,0.4104,0.4438,0.4402,0.2374,0.1075,agri1
0.034,0.0421,0.0858,0.047,0.1291,0.3638,0.4282,0.4256,0.4558,0.4402,0.2395,0.1089,agri1
0.034,0.0387,0.084,0.0482,0.1291,0.3638,0.4282,0.4324,0.4558,0.4402,0.2395,0.1089,agri1
0.034,0.0396,0.0864,0.0476,0.1312,0.3813,0.4511,0.4432,0.4808,0.4402,0.2408,0.109,agri1
0.0366,0.0408,0.0864,0.0497,0.1323,0.334,0.3879,0.4028,0.4151,0.4046,0.2299,0.1074,agri1
0.0366,0.037,0.0843,0.0471,0.1237,0.3478,0.4064,0.418,0.4309,0.4046,0.2327,0.1075,agri1
0.0366,0.0379,0.0844,0.0464,0.1237,0.3478,0.4064,0.4236,0.4309,0.4046,0.2327,0.1075,agri1
0.0366,0.0394,0.0845,0.044,0.1265,0.3522,0.4181,0.4268,0.4403,0.4046,0.2336,0.1076,agri1
0.0366,0.0418,0.0854,0.0463,0.1265,0.3522,0.4181,0.4208,0.4403,0.4046,0.2336,0.1076,agri1
0.034,0.0411,0.0865,0.0483,0.1272,0.3551,0.4142,0.4192,0.4438,0.4402,0.2374,0.1075,agri1
0.034,0.0374,0.0853,0.0466,0.1272,0.3551,0.4142,0.4244,0.4438,0.4402,0.2374,0.1075,agri1
0.034,0.0383,0.0844,0.0475,0.1291,0.3638,0.4282,0.4232,0.4558,0.4402,0.2395,0.1089,agri1
0.034,0.0399,0.0857,0.0479,0.1291,0.3638,0.4282,0.4304,0.4558,0.4402,0.2395,0.1089,agri1
0.034,0.0405,0.0871,0.0458,0.1312,0.3813,0.4511,0.45,0.4808,0.4402,0.2408,0.109,agri1
0.036,0.0381,0.0843,0.0492,0.133,0.3395,0.3994,0.4096,0.4229,0.4346,0.2336,0.108,agri1
0.036,0.0375,0.0843,0.045,0.1271,0.3569,0.4194,0.4224,0.4426,0.4346,0.2362,0.1085,agri1
0.036,0.0426,0.0865,0.0463,0.1271,0.3569,0.4194,0.4344,0.4426,0.4346,0.2362,0.1085,agri1
0.036,0.0393,0.0845,0.0467,0.1292,0.3635,0.4307,0.4356,0.4542,0.4346,0.2383,0.1072,agri1
0.036,0.0388,0.0839,0.0482,0.1292,0.3635,0.4307,0.422,0.4542,0.4346,0.2383,0.1072,agri1
0.0339,0.0377,0.0851,0.0461,0.1286,0.3682,0.4311,0.4284,0.4578,0.4687,0.2394,0.1071,agri1
0.0339,0.0377,0.0856,0.0455,0.1286,0.3682,0.4311,0.4328,0.4578,0.4687,0.2394,0.1071,agri1
0.0339,0.0402,0.0863,0.0468,0.1297,0.371,0.4427,0.4332,0.4658,0.4687,0.2406,0.107,agri1
0.0339,0.0393,0.0851,0.046,0.1297,0.371,0.4427,0.4344,0.4658,0.4687,0.2406,0.107,agri1
0.0339,0.0391,0.0863,0.0441,0.1322,0.392,0.4609,0.4472,0.4932,0.4687,0.2424,0.1094,agri1
0.0339,0.0387,0.0874,0.0431,0.1322,0.392,0.4609,0.4656,0.4932,0.4687,0.2424,0.1094,agri1
0.036,0.0388,0.0841,0.0495,0.133,0.3395,0.3994,0.4014,0.4229,0.4346,0.2336,0.108,agri1
0.036,0.0371,0.0834,0.0485,0.1271,0.3569,0.4194,0.41,0.4426,0.4346,0.2362,0.1085,agri1
0.036,0.0381,0.0857,0.0466,0.1271,0.3569,0.4194,0.4244,0.4426,0.4346,0.2362,0.1085,agri1
0.036,0.0395,0.0858,0.0465,0.1292,0.3635,0.4307,0.4308,0.4542,0.4346,0.2383,0.1072,agri1
0.036,0.0392,0.0856,0.0474,0.1292,0.3635,0.4307,0.4276,0.4542,0.4346,0.2383,0.1072,agri1
0.0339,0.0356,0.0841,0.0441,0.1286,0.3682,0.4311,0.4344,0.4578,0.4687,0.2394,0.1071,agri1
0.0339,0.0374,0.0846,0.0456,0.1286,0.3682,0.4311,0.4352,0.4578,0.4687,0.2394,0.1071,agri1
0.0339,0.0397,0.0868,0.0467,0.1297,0.371,0.4427,0.4384,0.4658,0.4687,0.2406,0.107,agri1
0.0339,0.0399,0.0847,0.0475,0.1297,0.371,0.4427,0.4396,0.4658,0.4687,0.2406,0.107,agri1
0.0339,0.0386,0.0842,0.0446,0.1322,0.392,0.4609,0.4676,0.4932,0.4687,0.2424,0.1094,agri1
0.0746,0.1003,0.135,0.161,0.1728,0.1851,0.2062,0.2424,0.2209,0.2299,0.3193,0.2558,agri2
0.0746,0.0878,0.126,0.1538,0.1713,0.1892,0.2031,0.222,0.2222,0.2299,0.318,0.2555,agri2
0.0746,0.0943,0.127,0.149,0.1713,0.1892,0.2031,0.2198,0.2222,0.2299,0.318,0.2555,agri2
0.0746,0.0828,0.117,0.15,0.1713,0.1892,0.2031,0.1942,0.2222,0.2299,0.318,0.2555,agri2
0.0746,0.0828,0.115,0.146,0.1713,0.1892,0.2031,0.1936,0.2222,0.2299,0.318,0.2555,agri2
0.0678,0.0815,0.1146,0.1454,0.1743,0.1855,0.1964,0.189,0.2153,0.2615,0.327,0.2603,agri2
0.0714,0.0769,0.1066,0.137,0.1605,0.1664,0.1773,0.1814,0.1984,0.2281,0.3198,0.257,agri2
0.0714,0.0767,0.1088,0.1388,0.1579,0.1663,0.1777,0.1814,0.2043,0.2281,0.3194,0.2556,agri2
0.0714,0.0767,0.11,0.1382,0.1579,0.1663,0.1777,0.1804,0.2043,0.2281,0.3194,0.2556,agri2
0.0725,0.0767,0.1122,0.1414,0.1603,0.173,0.1897,0.1834,0.2124,0.2331,0.3196,0.2501,agri2
0.0714,0.0777,0.11,0.1402,0.1605,0.1664,0.1773,0.1864,0.1984,0.2281,0.3198,0.257,agri2
0.0714,0.0772,0.1082,0.1388,0.1605,0.1664,0.1773,0.1826,0.1984,0.2281,0.3198,0.257,agri2
0.0714,0.0742,0.107,0.1388,0.1579,0.1663,0.1777,0.1762,0.2043,0.2281,0.3194,0.2556,agri2
0.0714,0.0725,0.1064,0.1368,0.1579,0.1663,0.1777,0.1824,0.2043,0.2281,0.3194,0.2556,agri2
0.0725,0.0716,0.1086,0.1362,0.1603,0.173,0.1897,0.188,0.2124,0.2331,0.3196,0.2501,agri2
0.0725,0.0704,0.103,0.1288,0.1603,0.173,0.1897,0.2036,0.2124,0.2331,0.3196,0.2501,agri2
0.0714,0.0738,0.1088,0.1354,0.1658,0.1841,0.1931,0.1832,0.2202,0.2281,0.3173,0.2511,agri2
0.0714,0.0766,0.1108,0.139,0.1673,0.1862,0.2041,0.187,0.2228,0.2281,0.3231,0.2514,agri2
0.0714,0.0742,0.1086,0.1382,0.1673,0.1862,0.2041,0.1956,0.2228,0.2281,0.3231,0.2514,agri2
0.0714,0.0769,0.1118,0.1412,0.1714,0.1882,0.201,0.1972,0.2244,0.2281,0.3217,0.2521,agri2
0.0714,0.075,0.1092,0.1408,0.1714,0.1882,0.201,0.2102,0.2244,0.2281,0.3217,0.2521,agri2
0.0725,0.0704,0.107,0.1312,0.1682,0.1946,0.2058,0.2264,0.2272,0.2331,0.3177,0.2483,agri2
0.0725,0.0659,0.1013,0.1252,0.1682,0.1946,0.2058,0.2314,0.2272,0.2331,0.3177,0.2483,agri2
0.0824,0.0725,0.1036,0.1326,0.1724,0.2041,0.2242,0.2306,0.2535,0.2916,0.3187,0.2365,agri2
0.0714,0.0725,0.1058,0.1366,0.1658,0.1841,0.1931,0.2106,0.2202,0.2281,0.3173,0.2511,agri2
0.0714,0.0716,0.1074,0.1336,0.1658,0.1841,0.1931,0.217,0.2202,0.2281,0.3173,0.2511,agri2
0.0714,0.0727,0.1094,0.1378,0.1673,0.1862,0.2041,0.218,0.2228,0.2281,0.3231,0.2514,agri2
0.0714,0.073,0.1122,0.1422,0.1673,0.1862,0.2041,0.2286,0.2228,0.2281,0.3231,0.2514,agri2
0.0714,0.0781,0.1158,0.147,0.1714,0.1882,0.201,0.2254,0.2244,0.2281,0.3217,0.2521,agri2
0.0714,0.0823,0.118,0.1498,0.1714,0.1882,0.201,0.2072,0.2244,0.2281,0.3217,0.2521,agri2
0.0725,0.0759,0.1138,0.1446,0.1682,0.1946,0.2058,0.212,0.2272,0.2331,0.3177,0.2483,agri2
0.0725,0.0786,0.118,0.1494,0.1682,0.1946,0.2058,0.2064,0.2272,0.2331,0.3177,0.2483,agri2
0.0824,0.0714,0.1018,0.1258,0.1802,0.2095,0.2319,0.253,0.252,0.2916,0.3223,0.2377,agri2
0.0824,0.0816,0.1154,0.1456,0.1802,0.2095,0.2319,0.2402,0.252,0.2916,0.3223,0.2377,agri2
0.0714,0.0833,0.1182,0.1482,0.1901,0.2033,0.2217,0.2228,0.2408,0.2281,0.3243,0.2559,agri2
0.0714,0.0819,0.1194,0.151,0.1901,0.2033,0.2217,0.2264,0.2408,0.2281,0.3243,0.2559,agri2
0.0714,0.084,0.1226,0.1562,0.1938,0.211,0.2245,0.2324,0.2463,0.2281,0.3308,0.2583,agri2
0.0714,0.0902,0.1322,0.169,0.1938,0.211,0.2245,0.2396,0.2463,0.2281,0.3308,0.2583,agri2
0.0714,0.0926,0.131,0.1684,0.1887,0.1959,0.2078,0.227,0.2266,0.2281,0.3263,0.2606,agri2
0.0714,0.0861,0.1218,0.158,0.1887,0.1959,0.2078,0.1964,0.2266,0.2281,0.3263,0.2606,agri2
0.0725,0.0791,0.1206,0.1542,0.1747,0.1834,0.1941,0.1942,0.2163,0.2331,0.3219,0.2591,agri2
0.0725,0.0788,0.118,0.1534,0.1747,0.1834,0.1941,0.1932,0.2163,0.2331,0.3219,0.2591,agri2
0.0725,0.0816,0.1224,0.1512,0.1695,0.1766,0.1919,0.1936,0.209,0.2331,0.3164,0.2532,agri2
0.0824,0.0881,0.1284,0.1632,0.1922,0.2425,0.2582,0.248,0.2804,0.2916,0.326,0.238,agri2
0.0824,0.0922,0.1284,0.1626,0.1802,0.2095,0.2319,0.2362,0.252,0.2916,0.3223,0.2377,agri2
0.0824,0.0954,0.1284,0.1664,0.1802,0.2095,0.2319,0.2218,0.252,0.2916,0.3223,0.2377,agri2
0.0714,0.0919,0.1284,0.1648,0.1901,0.2033,0.2217,0.219,0.2408,0.2281,0.3243,0.2559,agri2
0.0714,0.0943,0.131,0.172,0.1901,0.2033,0.2217,0.2208,0.2408,0.2281,0.3243,0.2559,agri2
0.0714,0.0926,0.1332,0.172,0.1938,0.211,0.2245,0.2246,0.2463,0.2281,0.3308,0.2583,agri2
0.0714,0.094,0.1352,0.1732,0.1938,0.211,0.2245,0.2258,0.2463,0.2281,0.3308,0.2583,agri2
0.0782,0.0988,0.1428,0.1922,0.2354,0.2926,0.3179,0.3218,0.3531,0.3563,0.4165,0.2875,agri3
0.0782,0.096,0.1412,0.1852,0.2354,0.2926,0.3179,0.3216,0.3531,0.3563,0.4165,0.2875,agri3
0.0815,0.0984,0.1422,0.1936,0.2408,0.2939,0.3135,0.3222,0.3538,0.3541,0.4191,0.2875,agri3
0.0815,0.0954,0.1356,0.18,0.2408,0.2939,0.3135,0.3248,0.3538,0.3541,0.4191,0.2875,agri3
0.0815,0.1018,0.1434,0.1938,0.234,0.2871,0.3124,0.3186,0.3464,0.3541,0.4168,0.2934,agri3
0.0815,0.0992,0.1414,0.1866,0.2408,0.2939,0.3135,0.3232,0.3538,0.3541,0.4191,0.2875,agri3
0.0815,0.0984,0.1382,0.1856,0.2408,0.2939,0.3135,0.3238,0.3538,0.3541,0.4191,0.2875,agri3
0.0815,0.1026,0.1508,0.1996,0.2514,0.2974,0.3237,0.3296,0.3579,0.3541,0.4215,0.2894,agri3
0.0815,0.1018,0.1412,0.193,0.2349,0.2875,0.3138,0.319,0.3462,0.3541,0.4199,0.2951,agri3
0.0815,0.1001,0.1428,0.192,0.249,0.2955,0.3197,0.3316,0.3617,0.3541,0.4236,0.2884,agri3
0.0815,0.0983,0.1456,0.1968,0.249,0.2955,0.3197,0.3304,0.3617,0.3541,0.4236,0.2884,agri3
0.0815,0.105,0.1526,0.2098,0.2702,0.3047,0.3271,0.3356,0.3661,0.3541,0.4323,0.2997,agri3
0.0815,0.1116,0.1606,0.2242,0.2702,0.3047,0.3271,0.3382,0.3661,0.3541,0.4323,0.2997,agri3
0.0815,0.0998,0.1408,0.192,0.2349,0.2875,0.3138,0.3172,0.3462,0.3541,0.4199,0.2951,agri3
0.0815,0.1021,0.1404,0.1938,0.2349,0.2875,0.3138,0.3222,0.3462,0.3541,0.4199,0.2951,agri3
0.0815,0.0991,0.1456,0.1948,0.249,0.2955,0.3197,0.3286,0.3617,0.3541,0.4236,0.2884,agri3
0.0815,0.1021,0.1518,0.206,0.249,0.2955,0.3197,0.3306,0.3617,0.3541,0.4236,0.2884,agri3
0.0815,0.1132,0.1576,0.2198,0.2702,0.3047,0.3271,0.335,0.3661,0.3541,0.4323,0.2997,agri3
0.0815,0.1154,0.163,0.2264,0.2702,0.3047,0.3271,0.3362,0.3661,0.3541,0.4323,0.2997,agri3
0.0812,0.0988,0.138,0.1866,0.233,0.2911,0.3101,0.3196,0.3494,0.359,0.4174,0.2927,agri3
0.0815,0.0978,0.141,0.1912,0.2397,0.2916,0.3171,0.3212,0.3563,0.3541,0.4221,0.2934,agri3
0.0815,0.1016,0.1406,0.1908,0.2397,0.2916,0.3171,0.3266,0.3563,0.3541,0.4221,0.2934,agri3
0.0815,0.101,0.1454,0.2004,0.2596,0.2981,0.3269,0.3284,0.3625,0.3541,0.4296,0.2941,agri3
0.0815,0.1064,0.1548,0.2124,0.2596,0.2981,0.3269,0.3312,0.3625,0.3541,0.4296,0.2941,agri3
0.0815,0.113,0.1604,0.2264,0.2767,0.3058,0.3308,0.3366,0.3643,0.3541,0.4372,0.3092,agri3
0.0815,0.1148,0.1634,0.2328,0.2767,0.3058,0.3308,0.3384,0.3643,0.3541,0.4372,0.3092,agri3
0.0799,0.113,0.1646,0.2316,0.28,0.3063,0.3298,0.3374,0.3636,0.3623,0.4436,0.3124,agri3
0.0812,0.0987,0.138,0.191,0.233,0.2911,0.3101,0.3206,0.3494,0.359,0.4174,0.2927,agri3
0.0815,0.1004,0.1452,0.1942,0.2397,0.2916,0.3171,0.327,0.3563,0.3541,0.4221,0.2934,agri3
0.0815,0.102,0.1426,0.1954,0.2397,0.2916,0.3171,0.3264,0.3563,0.3541,0.4221,0.2934,agri3
0.0815,0.1058,0.1492,0.2094,0.2596,0.2981,0.3269,0.3348,0.3625,0.3541,0.4296,0.2941,agri3
0.0815,0.1102,0.1598,0.2236,0.2596,0.2981,0.3269,0.336,0.3625,0.3541,0.4296,0.2941,agri3
0.0815,0.116,0.1662,0.2304,0.2767,0.3058,0.3308,0.34,0.3643,0.3541,0.4372,0.3092,agri3
0.0815,0.1166,0.167,0.2348,0.2767,0.3058,0.3308,0.3344,0.3643,0.3541,0.4372,0.3092,agri3
0.0799,0.1126,0.1664,0.2334,0.28,0.3063,0.3298,0.3344,0.3636,0.3623,0.4436,0.3124,agri3
0.0799,0.1146,0.1618,0.232,0.28,0.3063,0.3298,0.3356,0.3636,0.3623,0.4436,0.3124,agri3
0.0807,0.1018,0.1406,0.1888,0.239,0.2901,0.313,0.3186,0.3503,0.3469,0.4247,0.2978,agri3
0.0807,0.1038,0.1422,0.1946,0.239,0.2901,0.313,0.3184,0.3503,0.3469,0.4247,0.2978,agri3
0.0826,0.1066,0.1466,0.1998,0.2537,0.2981,0.3254,0.3264,0.3571,0.3557,0.4291,0.2961,agri3
0.0826,0.1034,0.1484,0.2052,0.2537,0.2981,0.3254,0.3292,0.3571,0.3557,0.4291,0.2961,agri3
0.0826,0.1082,0.1568,0.2176,0.2728,0.3082,0.3311,0.3398,0.3629,0.3557,0.4377,0.3025,agri3
0.0826,0.1144,0.1644,0.2304,0.2728,0.3082,0.3311,0.3406,0.3629,0.3557,0.4377,0.3025,agri3
0.0826,0.1138,0.1624,0.2294,0.2822,0.3066,0.329,0.3348,0.3649,0.3557,0.4444,0.3141,agri3
0.0826,0.1178,0.1648,0.2336,0.2822,0.3066,0.329,0.336,0.3649,0.3557,0.4444,0.3141,agri3
0.0797,0.1152,0.1614,0.2306,0.274,0.3039,0.3259,0.3344,0.3622,0.3501,0.4428,0.3127,agri3
0.0797,0.11,0.1622,0.2316,0.274,0.3039,0.3259,0.3306,0.3622,0.3501,0.4428,0.3127,agri3
0.0807,0.1032,0.1396,0.1944,0.239,0.2901,0.313,0.3184,0.3503,0.3469,0.4247,0.2978,agri3
0.0807,0.1052,0.1458,0.1982,0.239,0.2901,0.313,0.3252,0.3503,0.3469,0.4247,0.2978,agri3
0.0826,0.1088,0.1532,0.2058,0.2537,0.2981,0.3254,0.3308,0.3571,0.3557,0.4291,0.2961,agri3
0.0826,0.106,0.1542,0.212,0.2537,0.2981,0.3254,0.334,0.3571,0.3557,0.4291,0.2961,agri3
